Comment,Designator,Footprint,LCSC,Quantity
TPS22918DBVR,"U12,U13",SOT95P280X145-6N,C131941,2
680n,L1,L_0805_2012Metric_Pad1.05x1.20mm_HandSolder,C139230,1
1k6,R7,R_0805_2012Metric_Pad1.20x1.40mm_HandSolder,C144791,1
100k,R28,R_0805_2012Metric_Pad1.20x1.40mm_HandSolder,C14954,1
100u,"C12,C15,C22",C_1206_3216Metric,C15008,3
10u,"C11,C13,C14,C19,C24,C26,C3,C6",C_0805_2012Metric,C15850,8
2m,R10,R2512,C160590,1
TP4056,U1,ESOP-8_L4.9-W3.9-P1.27-LS6.0-BL-EP,C16581,1
0.01u,"C8,C9",C_0805_2012Metric,C1710,2
10k,"R15,R2,R20",R_0805_2012Metric,C17414,3
13k,R29,R_0805_2012Metric_Pad1.20x1.40mm_HandSolder,C17455,1
0R,"R13,R14",R_0805_2012Metric_Pad1.20x1.40mm_HandSolder,C17477,2
1k,"R1,R4,R5,R6",R_0805_2012Metric,C17513,4
22k,R26,R_0805_2012Metric_Pad1.20x1.40mm_HandSolder,C17560,1
390k,R25,R_0805_2012Metric_Pad1.20x1.40mm_HandSolder,C17656,1
470k,"R21,R9",R_0603_1608Metric,C17709,2
51k,R27,R_0805_2012Metric_Pad1.20x1.40mm_HandSolder,C17737,1
6.8k,R3,R_0805_2012Metric,C17772,1
SY7088DGC,U8,DFN2X3-8_SGY,C178240,1
TPS54202DDC,U11,SOT-23-6,C191884,1
2SC1623_300-400,U3,SOT-23-3_L2.9-W1.3-P1.90-LS2.4-BR,C2133,1
LED,"D1,D2",LED_0603_1608Metric,C2286,2
56,"R23,R24",R_0603_1608Metric,C23206,2
82k,R17,R_0603_1608Metric,C23254,1
120k,R16,R_0603_1608Metric,C25808,1
3k3,"R11,R12,R22,R8",R_0805_2012Metric,C26010,4
1u,"C1,C2,C23,C25,C4",C_0805_2012Metric,C28323,5
2.2u,"C10,C7",C_0805_2012Metric,C377773,2
15u,L2,IND-SMD_L5.0-W5.0,C44888,1
22u,"C16,C17,C18,C27,C28",C_0805_2012Metric,C45783,5
0.1u,"C20,C21,C5",C_0805_2012Metric,C49678,3
DRV8833PW,"U5,U6",TSSOP-16_4.4x5mm_P0.65mm,C50506,2
AMS1117-3.3,U9,SOT-223-3_TabPin2,C6186,1
JS20T-S02PHW-00,U7,CONN-TH_JS20T-S02PHW-00,C7499302,1
INA219AxD,U4,SOIC-8_3.9x4.9mm_P1.27mm,C87469,1
K3-1391B-51,U10,SW-TH_K3-1391B-51,C92656,1
CH224K,U2,ESSOP-10_L4.9-W3.9-P1.0-LS6.0-TL-EP,C970727,1
TYPE-C 6P,J1,USB-C-SMD_HX-TYPE-C-6PIN,,1
Conn_02x16_Odd_Even,J2,PinHeader_2x16_P2.54mm_Vertical,,1
TestPoint,TP3,TestPoint_Pad_2.0x2.0mm,,1
Conn_01x01_Pin,J3,PinHeader_1x01_P1.00mm_Vertical,,1
