Designator,Val,Package,Mid X,Mid Y,Rotation,Layer
C1,1u,C_0805_2012Metric,79.85,-88.3,0.0,top
C10,2.2u,C_0805_2012Metric,113.8,-68.85,-90.0,top
C11,10u,C_0805_2012Metric,103.7,-75.55,0.0,top
C12,100u,C_1206_3216Metric,71.55,-52.95,90.0,top
C13,10u,C_0805_2012Metric,80.0,-56.85,180.0,top
C14,10u,C_0805_2012Metric,76.47,-53.07,90.0,top
C15,100u,C_1206_3216Metric,57.16,-53.11,0.0,top
C16,22u,C_0805_2012Metric,58.24,-69.52,0.0,top
C17,22u,C_0805_2012Metric,68.4,-70.6,90.0,top
C18,22u,C_0805_2012Metric,64.57,-58.74,0.0,top
C19,10u,C_0805_2012Metric,60.1,-103.65,0.0,top
C2,1u,C_0805_2012Metric,83.7,-72.4,-90.0,top
C20,0.1u,C_0805_2012Metric,58.45,-89.0,0.0,top
C21,0.1u,C_0805_2012Metric,62.2,-90.85,-90.0,top
C22,100u,C_1206_3216Metric,83.8,-58.05,-90.0,top
C23,1u,C_0805_2012Metric,69.75,-76.15,90.0,top
C24,10u,C_0805_2012Metric,63.1,-75.2,0.0,top
C25,1u,C_0805_2012Metric,65.04,-52.82,180.0,top
C26,10u,C_0805_2012Metric,51.45,-69.05,180.0,top
C27,22u,C_0805_2012Metric,67.15,-91.5,180.0,top
C28,22u,C_0805_2012Metric,63.9,-95.85,90.0,top
C29,75p,C_0402_1005Metric,65.75,-99.37,-90.0,top
C3,10u,C_0805_2012Metric,95.55,-70.3,-90.0,top
C4,1u,C_0805_2012Metric,94.65,-88.25,0.0,top
C5,0.1u,C_0805_2012Metric,89.175,-93.4,180.0,top
C6,10u,C_0805_2012Metric,108.2125,-105.825,0.0,top
C7,2.2u,C_0805_2012Metric,116.0125,-98.875,-90.0,top
C8,0.01u,C_0805_2012Metric,110.6125,-93.825,180.0,top
C9,0.01u,C_0805_2012Metric,108.35,-62.5,180.0,top
D1,LED,LED_0603_1608Metric,83.6,-68.4,-90.0,top
D2,LED,LED_0603_1608Metric,88.7875,-59.65,180.0,top
J1,TYPE-C 6P,USB-C-SMD_HX-TYPE-C-6PIN,78.6,-102.9201,0.0,top
J2,Conn_02x16_Odd_Even,PinHeader_2x16_P2.54mm_Vertical,122.46,-84.7,0.0,top
J3,Conn_01x01_Pin,PinHeader_1x01_P1.00mm_Vertical,115.45,-105.7,0.0,top
JP1,SolderJumper_2_Bridged,SolderJumper-3_P1.3mm_Bridged2Bar12_RoundedPad1.0x1.5mm,69.45,-60.6,0.0,top
JP2,SolderJumper_2_Open,SolderJumper-2_P1.3mm_Bridged_RoundedPad1.0x1.5mm,73.35,-95.25,90.0,top
L1,680n,L_0805_2012Metric_Pad1.05x1.20mm_HandSolder,55.81,-58.89,90.0,top
L2,15u,IND-SMD_L5.0-W5.0,69.0,-85.65,180.0,top
R1,1k,R_0805_2012Metric,74.45,-89.8,-90.0,top
R10,2m,R2512,109.2,-85.7,180.0,top
R11,3k3,R_0805_2012Metric,100.525,-102.9,0.0,top
R12,3k3,R_0805_2012Metric,96.325,-104.15,90.0,top
R13,0R,R_0805_2012Metric_Pad1.20x1.40mm_HandSolder,99.8,-85.15,-90.0,top
R14,0R,R_0805_2012Metric_Pad1.20x1.40mm_HandSolder,89.675,-98.55,90.0,top
R15,10k,R_0805_2012Metric,105.2125,-93.825,180.0,top
R16,120k,R_0603_1608Metric,51.85,-96.725,-90.0,top
R17,82k,R_0603_1608Metric,50.55,-92.425,-90.0,top
R2,10k,R_0805_2012Metric,81.4375,-83.3,0.0,top
R20,10k,R_0805_2012Metric,102.4,-63.6,-90.0,top
R21,470k,R_0603_1608Metric,69.35,-66.75,90.0,top
R22,3k3,R_0603_1608Metric,63.03,-69.82,0.0,top
R23,56,R_0603_1608Metric,59.6,-80.2,90.0,top
R24,56,R_0603_1608Metric,51.35,-76.5,90.0,top
R25,390k,R_0805_2012Metric_Pad1.20x1.40mm_HandSolder,53.7,-102.45,0.0,top
R26,22k,R_0805_2012Metric_Pad1.20x1.40mm_HandSolder,53.4,-90.1,-90.0,top
R27,51k,R_0805_2012Metric_Pad1.20x1.40mm_HandSolder,68.15,-96.4,-90.0,top
R28,100k,R_0805_2012Metric_Pad1.20x1.40mm_HandSolder,69.55,-100.4,180.0,top
R29,13k,R_0805_2012Metric_Pad1.20x1.40mm_HandSolder,69.5,-104.9,0.0,top
R3,6.8k,R_0805_2012Metric,84.05,-89.1,0.0,top
R4,1k,R_0805_2012Metric,86.6,-64.5,0.0,top
R5,1k,R_0805_2012Metric,91.8,-63.4,0.0,top
R6,1k,R_0815_2038Metric,73.35,-74.05,180.0,top
R7,1k6,R_0805_2012Metric_Pad1.20x1.40mm_HandSolder,89.2,-77.6,-90.0,top
R8,3k3,R_0805_2012Metric_Pad1.20x1.40mm_HandSolder,93.35,-77.65,90.0,top
R9,470k,R_0805_2012Metric_Pad1.20x1.40mm_HandSolder,89.2,-86.55,180.0,top
TP3,TestPoint,TestPoint_Pad_2.0x2.0mm,90.0,-53.75,0.0,top
U1,TP4056,ESOP-8_L4.9-W3.9-P1.27-LS6.0-BL-EP,90.025,-70.6641,0.0,top
U10,K3-1391B-51,SW-TH_K3-1391B-51,118.65,-56.4385,180.0,top
U11,TPS54202DDC,SOT-23-6,56.75,-96.1125,-90.0,top
U12,TPS22918DBVR,SOT95P280X145-6N,64.4,-79.4,180.0,top
U13,TPS22918DBVR,SOT95P280X145-6N,55.15,-75.4,180.0,top
U2,CH224K,ESSOP-10_L4.9-W3.9-P1.0-LS6.0-TL-EP,79.9801,-94.050076,-90.0,top
U3,2SC1623_300-400,SOT-23-3_L2.9-W1.3-P1.90-LS2.4-BR,89.05,-82.3,-90.0,top
U4,INA219AxD,SOIC-8_3.9x4.9mm_P1.27mm,96.525,-97.25,180.0,top
U5,DRV8833PW,TSSOP-16_4.4x5mm_P0.65mm,108.2125,-99.825,0.0,top
U6,DRV8833PW,TSSOP-16_4.4x5mm_P0.65mm,107.0,-69.4,0.0,top
U7,JS20T-S02PHW-00,CONN-TH_JS20T-S02PHW-00,103.6525,-58.3577,180.0,top
U8,SY7088DGC,DFN2X3-8_SGY,62.8292,-64.47,0.0,top
U9,AMS1117-3.3,SOT-223-3_TabPin2,77.25,-64.35,-90.0,top
